Phase,Priority,ID,Optimization Name,Current Module,Current Implementation,Bottleneck,Optimization Concept,Expected Speedup,Expected FPS Impact,Implementation Pattern,Linux Features,Effort Hours,Risk Level,Complexity,Files Affected,Dependencies,Build Status,Performance Metrics,Expected ROI %
1,CRITICAL,1.1,Scene Culling & Frustum Testing,Graphics/View.cpp (3377 lines),Single-threaded octree traversal with scalar frustum tests,Frustum::IsInside() called millions per frame,SIMD Batch Frustum Culling + Work-Stealing Parallelization,4-8x,+30-50% camera scenes,Process 8 objects per SIMD with _mm256_cmpgt_epi32,Work-stealing via futex; CPU affinity via sched_setaffinity,40-60,LOW,Medium,"Octree.cpp, View.cpp, OctreeQuery.h",WorkQueue optimization (1.2),Ready,Culling time 15ms→2-3ms; L1 cache misses -60%; Branch mispredictions eliminated,45%
1,CRITICAL,1.2,WorkQueue Job Scheduler,Core/WorkQueue.cpp (10.7KB),Mutex + condition variable with priority queue,Lock contention on high core count systems (16+ cores),Lock-Free Work-Stealing Deque + CPU Affinity,1.15-1.30x (scheduler),+10-20% overall,Chase-Lev work-stealing deque like Java ForkJoinPool,futex for light sync; sched_setaffinity for pinning,20-30,MEDIUM,High,"WorkQueue.h, WorkQueue.cpp, Thread.h",None (foundational),Ready,Mutex wait <1% on 8-core; Work distribution variance <5%; Steal success >95%,20%
1,CRITICAL,1.3,Particle System SOA Conversion,Graphics/ParticleEmitter.cpp,Array of Structures (AoS) with per-particle state,Cache misses due to scattered memory access,Structure of Arrays (SOA) + SIMD Vectorization,3-4x cache (CPU); 20-50x GPU,+150-200% 1000+ particles,Separate arrays: position; velocity; color; lifetime; SIMD update 4 particles,CPU vectorization (SSE/AVX); GPU compute (optional),15-25 (CPU) 40+ (GPU),LOW,Low-Medium,"ParticleEmitter.h, ParticleEmitter.cpp, Particle.h",GPU compute shader framework (optional),Ready,Cache line utilization 60%→95%; L1 misses -80%; Update time 8ms→1ms (1k particles),60%
1,HIGH,1.4,Audio DSP SIMD Mixing,Audio/SoundSource.cpp (34KB),Scalar audio mixing loop,Mix() function called per source every frame,SIMD Float Mixing + Parallel Source Processing,4-8x,+20-30% 20+ sounds,Batch process 4-8 samples with _mm_mul_ps; _mm_add_ps,CPU SIMD (SSE/AVX); Lock-free audio buffers,10-15,LOW,Low,"Audio.cpp, SoundSource.cpp, SoundSource3D.cpp",None,Ready,Mix time 0.5ms→0.1ms per source; Audio latency <2ms; Simultaneous sources 16→64,35%
1,HIGH,1.5,Batch Rendering State Sorting,Graphics/Batch.cpp (1169 lines),Single-threaded radix/quicksort,O(n log n) sorting of 1000-10000 batches/frame,Parallel Staged Merge-Sort + Cache-Aligned Batch Structures,2-4x,+10-15% batch scenes,Divide into per-thread chunks; merge results; 64-byte align,Work-stealing for load balancing,20-30,LOW,Medium,"Batch.h, Batch.cpp, View.cpp",WorkQueue optimization (1.2),Ready,Sort time 2ms→0.8ms; Cache misses -50%; Linear scaling to 8 cores,25%
2,HIGH,2.1,Physics Simulation Parallel,Physics/PhysicsWorld.cpp (40KB),Bullet3 single-threaded constraint solving,Iterative constraint solver (hundreds of iterations),Work-Stealing Parallel Solver + Physics Query Cache,3-6x,+40-80% physics scenes,Parallel constraint groups via WorkQueue; LRU query cache,Work-stealing; Lock-free caching,30-40,MEDIUM,High,"PhysicsWorld.h/cpp, Constraint.cpp, RigidBody.cpp",WorkQueue optimization (1.2),Ready,Physics time 8ms→2ms (75% on 4-core); Raycasts/frame 50→500+,50%
2,HIGH,2.2,Resource Cache Multi-Level,Resource/ResourceCache.cpp (36.8KB),Single HashMap with simple LRU eviction,Linear memory search; poor cache utilization,L1 (GPU VRAM) → L2 (RAM) → L3 (Disk) Hierarchy,1.5-2x cache,+30-50% level transitions,Tiered caching with predictive pre-loading,io_uring async I/O; mmap; madvise hints,40-50,MEDIUM,Medium-High,"ResourceCache.h/cpp, BackgroundLoader.cpp",None,Ready,Load time 5s→1.5s (70%); Frame stutter eliminated; Cache hit 85-95%,40%
2,HIGH,2.3,Animation Blending SIMD,Graphics/AnimatedModel.cpp (49.7KB),Scalar matrix/quaternion blending per bone,4x4 matrix multiplications × 50 bones × 60 FPS,SIMD Quaternion Blending + Matrix Vectorization,3-4x,+15-25% character scenes,_mm_shuffle_ps for SLERP; _mm_mul_ps for matrix,CPU SIMD (SSE/AVX),15-20,LOW,Low-Medium,"AnimatedModel.h/cpp, Bone.h",None,Ready,Bone blend time 5ms→1.5ms (70%); Supported chars 8→20; Overhead 10%→3%,30%
2,HIGH,2.4,Navigation Mesh Generation,Navigation/NavigationMesh.cpp (54.3KB),Single-threaded Recast tessellation,Voxelization + rasterization for large meshes,Parallel Recast Build + SIMD Crowd Updates,3-5x,+20-30% dynamic nav updates,Parallel voxelization chunks; threaded merge,Work-stealing; CPU affinity,25-35,MEDIUM,Medium,"NavigationMesh.h/cpp, CrowdManager.cpp",WorkQueue (1.2),Ready,Mesh build 3s→0.8s (75%); Agent update 10ms→4ms (100 agents); Max agents 100→500,35%
2,MEDIUM,2.5,Texture Streaming Virtual,GraphicsAPI/Vulkan/VulkanTexture.cpp,Staging buffers with manual mipmap management,CPU→GPU transfer blocking on large textures,Virtual Texture Support + DMA Transfers + Sparse Residency,2x,+40-60% open-world,GPU-driven virtual texture page tables; compute feedback,DMA transfers; io_uring disk I/O,60-80,MEDIUM,High,"VulkanTexture.h/cpp, VulkanSamplerCache.cpp",GPU compute framework,Ready,Texture memory 2GB→512MB resident; Load 8s→2s (75%); Bandwidth 200→500MB/s DMA,45%
3,MEDIUM,3.1,Scene Serialization Compression,Scene/Scene.cpp Node.cpp Serializable.cpp,XML/JSON text formats; no compression,Large file sizes; slow deserialization,Binary Format + LZ4/ZSTD Compression + Parallel Deser,1.5-2x,+30-50% level loads,Protobuf-like binary encoding; parallel node instantiation,LZ4/ZSTD compression; parallel I/O,30-40,LOW,Medium,"Scene.h/cpp, Node.cpp, Serializable.cpp",None,Ready,Load time equivalent; File size -80%; Streaming capability added,30%
3,MEDIUM,3.2,Network IO_Uring Async,Network/Network.cpp Connection.cpp,SLikeNet with select/poll socket handling,Blocking socket operations; polling overhead,io_uring Async Socket I/O + Lock-Free Message Queue,1.3-1.5x,+20-30% networked games,io_uring event loop for socket operations; eventfd,io_uring; eventfd,25-35,MEDIUM,Medium-High,"Network.h/cpp, Connection.cpp, ProtocolDefs.h",Linux 5.10+,Ready,Latency -50%; Throughput +30%; CPU overhead -20%,28%
3,MEDIUM,3.3,NUMA Awareness,Core/Memory.h Core/WorkQueue.cpp,No NUMA awareness; random allocations,Poor performance on multi-socket systems,NUMA-Aware Memory Allocation + Thread Pinning,1.2-1.4x,+20-40% NUMA only,Detect topology; allocate local to threads; pin threads,numa library; sched_setaffinity; CPU_SET,15-20,LOW,Low-Medium,"Memory.h/cpp, WorkQueue.cpp, Thread.cpp",None,Ready,+20-40% on NUMA (2+ sockets) only,25%
3,MEDIUM,3.4,Huge Pages Support,Core/Memory.h,Standard 4KB pages,TLB misses for large memory pools,2MB/1GB Huge Pages for Large Memory Pools,1.2-1.5x,+10-30% depending on pattern,madvise(MADV_HUGEPAGE) and mremap() with hints,Transparent Huge Pages (THP); madvise,10-15,LOW,Low,"Memory.h/cpp, Allocator.cpp",None,Ready,TLB miss reduction 20-50%; Memory bandwidth +15%,20%
3,MEDIUM,3.5,GPU-Driven Rendering,Graphics/Renderer.cpp VulkanBatchDispatcher.cpp,CPU records all draws; CPU sorts batches,CPU draw call submission overhead,Indirect Draw Buffers + GPU Task Scheduling + Compute,2-4x,+30-50% CPU rendering,GPU populates VkDrawIndirectCommand; compute dispatch,GPU compute shaders; GPU buffer feedback,50-70,MEDIUM,High,"Renderer.h/cpp, Batch.h/cpp, VulkanBatchDispatcher.cpp",Vulkan 1.2+ features,Ready,Draw submission overhead -50%; Frame latency -30%; GPU utilization +40%,40%
4,LOW,4.1,Compute Shader Particles,Graphics/ParticleEmitter.cpp VulkanGraphicsImpl.cpp,CPU-only particle updates,100% CPU particle simulation,GPU Particle Compute Shader Full Simulation,20-50x,N/A (offline),Vulkan compute shader; GPU buffer storage,GPU compute; VK_KHR_shader_float_controls,80-120,MEDIUM,Very High,"ParticleEmitter.h/cpp, Compute shaders",Vulkan 1.1+; ComputeShader framework,Research,"Particle sim GPU; 100k particles @60FPS; GPU load 15-30%",25%
4,LOW,4.2,Neural Network Rendering,Graphics/Renderer.cpp View.cpp,Traditional rasterization pipeline,Limited to screen-space effects,ML-Based Upscaling/Denoising Integration,1.5-2x,N/A (visual quality),DLSS/FSR style upsampler; tensor operations,GPU tensor cores (RTX/MI200),100-150,HIGH,Very High,"Renderer.h/cpp, View.cpp, PostProcess shaders",CUDA/ROCm/SPIR-V support,Research,"Upscale 1080p→4K native; Denoise; 1.5x perf; Visual quality TBD",20%
4,LOW,4.3,Real-Time Ray Tracing,Graphics/Renderer.cpp Batch.cpp,Rasterization-only pipeline,No ray tracing acceleration,Hybrid Rendering with DXR/VK_KHR_ray_tracing,1.5-3x,N/A (visual quality),Ray tracing shaders; BVH building,GPU ray tracing hardware; Vulkan ray tracing ext,120-160,HIGH,Very High,"Renderer.h/cpp, Shaders, BVH builder",Ray tracing capable GPU; VK 1.2+,Research,"GI accuracy; Shadow quality; 1.5-3x visual; Perf TBD",15%
